mean_fit_time,std_fit_time,mean_score_time,std_score_time,param_final_estimator,param_final_estimator__C,param_final_estimator__kernel,param_passthrough,params,split0_test_accuracy,split1_test_accuracy,split2_test_accuracy,split3_test_accuracy,split4_test_accuracy,mean_test_accuracy,std_test_accuracy,rank_test_accuracy,split0_test_f1,split1_test_f1,split2_test_f1,split3_test_f1,split4_test_f1,mean_test_f1,std_test_f1,rank_test_f1
218.93885164260865,2.5456794690344138,4.06997857093811,0.38316550270848854,"SVC(C=20, probability=True)",1,linear,True,"{'final_estimator': SVC(C=20, probability=True), 'final_estimator__C': 1, 'final_estimator__kernel': 'linear', 'passthrough': True}",0.7932739861523245,0.8001978239366964,0.8001978239366964,0.7861386138613862,0.7930693069306931,0.7945755109635593,0.005260506752611391,14,0.8365910867865519,0.8426791277258567,0.8421875,0.8299212598425197,0.8393543428132205,0.8381466634336296,0.0046563325727850555,12
209.04433512687683,1.021557316650124,4.800073051452637,0.4691223779689835,"SVC(C=20, probability=True)",1,linear,False,"{'final_estimator': SVC(C=20, probability=True), 'final_estimator__C': 1, 'final_estimator__kernel': 'linear', 'passthrough': False}",0.7942631058358062,0.8051434223541049,0.8061325420375866,0.799009900990099,0.7811881188118812,0.7971474180058957,0.009068140600216707,8,0.8395061728395062,0.8481110254433308,0.8463949843260188,0.8425135764158262,0.8314263920671243,0.8415904302183612,0.005900947407396722,9
223.94596362113953,1.3600122613168049,5.146131372451782,0.48115334743805155,"SVC(C=20, probability=True)",1,rbf,True,"{'final_estimator': SVC(C=20, probability=True), 'final_estimator__C': 1, 'final_estimator__kernel': 'rbf', 'passthrough': True}",0.7992087042532147,0.7952522255192879,0.8041543026706232,0.7970297029702971,0.7871287128712872,0.7965547296569421,0.005577974547600301,9,0.844205679201842,0.8421052631578947,0.846749226006192,0.8426707597851114,0.8362528560548365,0.8423967568411752,0.0034676721584484854,6
950.5137082576751,367.58898528621575,116.392835521698,222.68172076181793,"SVC(C=20, probability=True)",1,rbf,False,"{'final_estimator': SVC(C=20, probability=True), 'final_estimator__C': 1, 'final_estimator__kernel': 'rbf', 'passthrough': False}",0.7942631058358062,0.8090999010880316,0.80811078140455,0.803960396039604,0.7900990099009901,0.8011066388537964,0.007603894047434613,3,0.8402457757296468,0.854119425547997,0.8503086419753086,0.8488549618320611,0.8417910447761194,0.8470639699722267,0.005249885988943732,2
1517.956441450119,369.835795866047,4.489472341537476,0.20490140283511618,"SVC(C=20, probability=True)",1,poly,True,"{'final_estimator': SVC(C=20, probability=True), 'final_estimator__C': 1, 'final_estimator__kernel': 'poly', 'passthrough': True}",0.7744807121661721,0.8031651829871415,0.7883283877349159,0.7792079207920792,0.7782178217821782,0.7846800050924975,0.010302830617128262,19,0.8199052132701421,0.8436763550667715,0.8309636650868878,0.8225934765314241,0.8247261345852894,0.828372968908103,0.008477147549340598,19
433.6507670879364,274.0506958132776,4.163522624969483,0.34592457265072346,"SVC(C=20, probability=True)",1,poly,False,"{'final_estimator': SVC(C=20, probability=True), 'final_estimator__C': 1, 'final_estimator__kernel': 'poly', 'passthrough': False}",0.8041543026706232,0.8051434223541049,0.798219584569733,0.7821782178217822,0.7930693069306931,0.7965529668693874,0.008403846056505982,10,0.8426073131955485,0.845732184808144,0.8393700787401576,0.8262243285939969,0.835820895522388,0.837950960172047,0.006727466706068204,13
240.28423957824708,3.656548719686477,4.217503929138184,0.4916761630692701,"SVC(C=20, probability=True)",20,linear,True,"{'final_estimator': SVC(C=20, probability=True), 'final_estimator__C': 20, 'final_estimator__kernel': 'linear', 'passthrough': True}",0.7952522255192879,0.8011869436201781,0.7972304648862513,0.7851485148514852,0.7801980198019802,0.7918032337358365,0.007853288067505876,15,0.8373919874312646,0.8430913348946136,0.8407148407148407,0.8292682926829269,0.8287037037037036,0.8358340318854698,0.005879940110810038,16
208.77453575134277,2.7978163067385586,4.259654855728149,0.3222229435014388,"SVC(C=20, probability=True)",20,linear,False,"{'final_estimator': SVC(C=20, probability=True), 'final_estimator__C': 20, 'final_estimator__kernel': 'linear', 'passthrough': False}",0.7932739861523245,0.8041543026706232,0.80811078140455,0.800990099009901,0.7851485148514852,0.7983355368177769,0.008197279874345422,5,0.8386100386100387,0.8472222222222221,0.8482003129890454,0.8443067389620449,0.8342245989304813,0.8425127823427664,0.005322978529008873,5
220.789688205719,3.309897857848186,5.080975818634033,0.5228178568634798,"SVC(C=20, probability=True)",20,rbf,True,"{'final_estimator': SVC(C=20, probability=True), 'final_estimator__C': 20, 'final_estimator__kernel': 'rbf', 'passthrough': True}",0.7873392680514342,0.7952522255192879,0.7893175074183977,0.7811881188118812,0.7732673267326733,0.7852728893067349,0.007497131327971289,18,0.8286852589641434,0.8363636363636364,0.8321513002364066,0.8261211644374508,0.8186856690419637,0.8284014058087201,0.005952049023226054,18
206.98208808898926,4.067998564883357,4.44002628326416,0.1990882879084154,"SVC(C=20, probability=True)",20,rbf,False,"{'final_estimator': SVC(C=20, probability=True), 'final_estimator__C': 20, 'final_estimator__kernel': 'rbf', 'passthrough': False}",0.8041543026706232,0.811078140454995,0.8021760633036598,0.802970297029703,0.801980198019802,0.8044718002957566,0.0033905025390913793,1,0.8472222222222221,0.8545316070068545,0.8442367601246106,0.8475095785440613,0.8484848484848484,0.8483970032765195,0.0033798324210879468,1
241.5598403930664,1.5474028696978328,3.834310531616211,0.2853458714301768,"SVC(C=20, probability=True)",20,poly,True,"{'final_estimator': SVC(C=20, probability=True), 'final_estimator__C': 20, 'final_estimator__kernel': 'poly', 'passthrough': True}",0.7270029673590505,0.7457962413452027,0.7457962413452027,0.7415841584158416,0.7396039603960396,0.7399567137722676,0.006910466289627829,22,0.7737704918032786,0.7922392886014551,0.7888249794576828,0.7862407862407863,0.7817427385892116,0.7845636569384828,0.006392760713556407,22
250.09493927955629,6.4031657464445955,3.8627936363220217,0.34197896319099874,"SVC(C=20, probability=True)",20,poly,False,"{'final_estimator': SVC(C=20, probability=True), 'final_estimator__C': 20, 'final_estimator__kernel': 'poly', 'passthrough': False}",0.8011869436201781,0.7992087042532147,0.7992087042532147,0.7881188118811882,0.7930693069306931,0.7961584941876978,0.004859473964968148,11,0.841106719367589,0.8430007733952048,0.8410336726703211,0.8309636650868878,0.8363351605324981,0.8384879982105001,0.004357834275063044,10
260.9405243396759,2.5659804107268243,3.928331995010376,0.145395103946494,"SVC(C=20, probability=True)",40,linear,True,"{'final_estimator': SVC(C=20, probability=True), 'final_estimator__C': 40, 'final_estimator__kernel': 'linear', 'passthrough': True}",0.7962413452027696,0.8031651829871415,0.7952522255192879,0.7871287128712872,0.7772277227722773,0.7918030378705527,0.008888002401829041,16,0.8385579937304075,0.8444096950742768,0.8396591789310612,0.8305752561071711,0.8262548262548262,0.8358913900195486,0.006557334376159009,15
199.21846117973328,4.2251573835219185,4.348587703704834,0.3954793019651933,"SVC(C=20, probability=True)",40,linear,False,"{'final_estimator': SVC(C=20, probability=True), 'final_estimator__C': 40, 'final_estimator__kernel': 'linear', 'passthrough': False}",0.7932739861523245,0.8041543026706232,0.80811078140455,0.800990099009901,0.7841584158415842,0.7981375170157966,0.00851908608145268,6,0.8386100386100387,0.846986089644513,0.8482003129890454,0.8443067389620449,0.8333333333333334,0.842287302707795,0.005564463152025871,8
219.5028741836548,2.9832321107702695,4.968150615692139,0.37742534063828365,"SVC(C=20, probability=True)",40,rbf,True,"{'final_estimator': SVC(C=20, probability=True), 'final_estimator__C': 40, 'final_estimator__kernel': 'rbf', 'passthrough': True}",0.7626112759643917,0.7823936696340257,0.7823936696340257,0.7792079207920792,0.7732673267326733,0.7759747725514392,0.007466873923580216,20,0.8045602605863192,0.8253968253968254,0.8251192368839428,0.8225934765314241,0.8178202068416867,0.8190980012480397,0.00776050866618283,20
212.69007997512819,3.2127393088711265,4.718601131439209,0.632647906397179,"SVC(C=20, probability=True)",40,rbf,False,"{'final_estimator': SVC(C=20, probability=True), 'final_estimator__C': 40, 'final_estimator__kernel': 'rbf', 'passthrough': False}",0.7992087042532147,0.8071216617210683,0.7992087042532147,0.802970297029703,0.800990099009901,0.8018998932534205,0.0029572065267478072,2,0.8427575522850504,0.8512585812356981,0.8417770849571317,0.8475095785440613,0.847611827141774,0.8461829248327432,0.0034844988706951895,3
257.96456799507143,1.733319651277349,3.8516175746917725,0.47972730672287,"SVC(C=20, probability=True)",40,poly,True,"{'final_estimator': SVC(C=20, probability=True), 'final_estimator__C': 40, 'final_estimator__kernel': 'poly', 'passthrough': True}",0.7101879327398615,0.7467853610286844,0.7359050445103857,0.7326732673267327,0.7257425742574257,0.7302588359726181,0.012116707114585816,24,0.7572493786246894,0.7928802588996765,0.7791563275434243,0.7808441558441559,0.7666385846672285,0.7753537411158349,0.012292314966596397,24
880.8943684101105,717.1879285123789,4.005508804321289,0.42780542620678746,"SVC(C=20, probability=True)",40,poly,False,"{'final_estimator': SVC(C=20, probability=True), 'final_estimator__C': 40, 'final_estimator__kernel': 'poly', 'passthrough': False}",0.8001978239366964,0.8011869436201781,0.8001978239366964,0.7851485148514852,0.7930693069306931,0.79596008265515,0.006139764825280028,12,0.8401898734177216,0.8438228438228438,0.8419405320813772,0.8287292817679558,0.8360784313725491,0.8381521924924895,0.005361933953516136,11
1753.3570198059083,5.950405436906666,4.4818528175354,0.5760324651116521,"SVC(C=20, probability=True)",60,linear,True,"{'final_estimator': SVC(C=20, probability=True), 'final_estimator__C': 60, 'final_estimator__kernel': 'linear', 'passthrough': True}",0.7952522255192879,0.798219584569733,0.7932739861523245,0.7871287128712872,0.7782178217821782,0.7904184661789622,0.00710006862427981,17,0.8376470588235294,0.8398744113029827,0.8378588052754073,0.8303078137332282,0.8274268104776579,0.8346229799225611,0.0048497147210532264,17
500.4542694568634,582.19688884408,4.001015567779541,0.45806183258904887,"SVC(C=20, probability=True)",60,linear,False,"{'final_estimator': SVC(C=20, probability=True), 'final_estimator__C': 60, 'final_estimator__kernel': 'linear', 'passthrough': False}",0.7932739861523245,0.8041543026706232,0.80811078140455,0.800990099009901,0.7841584158415842,0.7981375170157966,0.00851908608145268,6,0.8386100386100387,0.8472222222222221,0.8482003129890454,0.8443067389620449,0.8333333333333334,0.8423345292233367,0.00560499654004565,7
223.52871670722962,5.435856074634216,4.893984985351563,0.24535651382309262,"SVC(C=20, probability=True)",60,rbf,True,"{'final_estimator': SVC(C=20, probability=True), 'final_estimator__C': 60, 'final_estimator__kernel': 'rbf', 'passthrough': True}",0.7636003956478734,0.7695351137487636,0.7764589515331355,0.7663366336633664,0.7772277227722773,0.7706317634730832,0.00541393967379402,21,0.8052159739201303,0.8131515637530071,0.817741935483871,0.8102893890675241,0.8195669607056937,0.8131931645860451,0.005164993852220616,21
205.81662192344666,2.1904111667623836,4.372380065917969,0.18872270446114336,"SVC(C=20, probability=True)",60,rbf,False,"{'final_estimator': SVC(C=20, probability=True), 'final_estimator__C': 60, 'final_estimator__kernel': 'rbf', 'passthrough': False}",0.798219584569733,0.8090999010880316,0.7962413452027696,0.8,0.800990099009901,0.8009101859740871,0.0044032639783078845,4,0.8416149068322982,0.852559205500382,0.839563862928349,0.845565749235474,0.8480725623582767,0.8454752573709559,0.004621328675013361,4
240.4354058265686,2.3964681758180038,3.881473731994629,0.7234812607311397,"SVC(C=20, probability=True)",60,poly,True,"{'final_estimator': SVC(C=20, probability=True), 'final_estimator__C': 60, 'final_estimator__kernel': 'poly', 'passthrough': True}",0.7161226508407518,0.7428288822947576,0.7279920870425322,0.7316831683168317,0.7336633663366336,0.7304580309663015,0.008676371381331165,23,0.7618257261410788,0.788961038961039,0.7714048212801331,0.7798537774167345,0.7756463719766472,0.7755383471551265,0.008988050670256802,23
265.8342395782471,24.043760864857347,2.017302370071411,0.4007473699161214,"SVC(C=20, probability=True)",60,poly,False,"{'final_estimator': SVC(C=20, probability=True), 'final_estimator__C': 60, 'final_estimator__kernel': 'poly', 'passthrough': False}",0.8011869436201781,0.7972304648862513,0.8011869436201781,0.7841584158415842,0.7930693069306931,0.795366414979777,0.006358108829395445,13,0.841106719367589,0.8412083656080558,0.8428459734167318,0.8278041074249605,0.8363351605324981,0.837860065269967,0.005478298653241359,14
